{
  "1994-07": 0.941012,
  "1994-08": 0.990038,
  "1994-09": 1.039539,
  "1994-10": 1.056483,
  "1994-11": 1.076556,
  "1994-12": 1.108314,
  "1995-01": 1.133251,
  "1995-02": 1.153422,
  "1995-03": 1.167493,
  "1995-04": 1.182436,
  "1995-05": 1.205493,
  "1995-06": 1.238885,
  "1995-07": 1.266759,
  "1995-08": 1.299568,
  "1995-09": 1.318931,
  "1995-10": 1.331724,
  "1995-11": 1.349569,
  "1995-12": 1.369272,
  "1996-01": 1.387894,
  "1996-02": 1.410516,
  "1996-03": 1.427442,
  "1996-04": 1.436292,
  "1996-05": 1.446346,
  "1996-06": 1.465437,
  "1996-07": 1.481703,
  "1996-08": 1.502002,
  "1996-09": 1.512516,
  "1996-10": 1.514179,
  "1996-11": 1.516298,
  "1996-12": 1.522514,
  "1997-01": 1.525559,
  "1997-02": 1.542797,
  "1997-03": 1.55375,
  "1997-04": 1.562917,
  "1997-05": 1.573544,
  "1997-06": 1.581411,
  "1997-07": 1.590108,
  "1997-08": 1.595037,
  "1997-09": 1.597748,
  "1997-10": 1.596949,
  "1997-11": 1.600941,
  "1997-12": 1.602061,
  "1998-01": 1.609911,
  "1998-02": 1.618604,
  "1998-03": 1.628963,
  "1998-04": 1.635315,
  "1998-05": 1.638912,
  "1998-06": 1.645631,
  "1998-07": 1.651226,
  "1998-08": 1.649409,
  "1998-09": 1.643306,
  "1998-10": 1.636075,
  "1998-11": 1.636238,
  "1998-12": 1.634438,
  "1999-01": 1.636562,
  "1999-02": 1.64769,
  "1999-03": 1.658235,
  "1999-04": 1.678465,
  "1999-05": 1.691557,
  "1999-06": 1.700183,
  "1999-07": 1.699842,
  "1999-08": 1.71327,
  "1999-09": 1.727147,
  "1999-10": 1.735264,
  "1999-11": 1.749146,
  "1999-12": 1.766462,
  "2000-01": 1.782536,
  "2000-02": 1.794122,
  "2000-03": 1.800222,
  "2000-04": 1.801842,
  "2000-05": 1.81031,
  "2000-06": 1.811939,
  "2000-07": 1.813388,
  "2000-08": 1.827532,
  "2000-09": 1.863899,
  "2000-10": 1.872286,
  "2000-11": 1.875656,
  "2000-12": 1.878844,
  "2001-01": 1.890117,
  "2001-02": 1.902024,
  "2001-03": 1.911534,
  "2001-04": 1.918415,
  "2001-05": 1.928007,
  "2001-06": 1.937454,
  "2001-07": 1.944816,
  "2001-08": 1.963097,
  "2001-09": 1.986261,
  "2001-10": 1.993808,
  "2001-11": 2.001185,
  "2001-12": 2.020996,
  "2002-01": 2.032111,
  "2002-02": 2.04471,
  "2002-03": 2.053706,
  "2002-04": 2.06192,
  "2002-05": 2.078002,
  "2002-06": 2.086729,
  "2002-07": 2.093615,
  "2002-08": 2.109735,
  "2002-09": 2.130832,
  "2002-10": 2.144043,
  "2002-11": 2.163339,
  "2002-12": 2.208336,
  "2003-01": 2.27569,
  "2003-02": 2.320748,
  "2003-03": 2.371572,
  "2003-04": 2.398607,
  "2003-05": 2.425951,
  "2003-06": 2.446571,
  "2003-07": 2.451953,
  "2003-08": 2.447539,
  "2003-09": 2.454147,
  "2003-10": 2.468135,
  "2003-11": 2.484424,
  "2003-12": 2.488647,
  "2004-01": 2.500094,
  "2004-02": 2.517094,
  "2004-03": 2.539747,
  "2004-04": 2.549905,
  "2004-05": 2.555259,
  "2004-06": 2.569057,
  "2004-07": 2.583443,
  "2004-08": 2.607469,
  "2004-09": 2.628068,
  "2004-10": 2.640945,
  "2004-11": 2.649396,
  "2004-12": 2.666087,
  "2005-01": 2.688482,
  "2005-02": 2.706763,
  "2005-03": 2.726793,
  "2005-04": 2.736336,
  "2005-05": 2.756584,
  "2005-06": 2.779463,
  "2005-07": 2.782798,
  "2005-08": 2.785859,
  "2005-09": 2.793659,
  "2005-10": 2.798128,
  "2005-11": 2.813797,
  "2005-12": 2.835744,
  "2006-01": 2.846519,
  "2006-02": 2.861036,
  "2006-03": 2.875913,
  "2006-04": 2.886553,
  "2006-05": 2.89146,
  "2006-06": 2.899266,
  "2006-07": 2.894917,
  "2006-08": 2.894338,
  "2006-09": 2.899837,
  "2006-10": 2.901286,
  "2006-11": 2.909699,
  "2006-12": 2.920464,
  "2007-01": 2.930685,
  "2007-02": 2.945924,
  "2007-03": 2.959475,
  "2007-04": 2.971608,
  "2007-05": 2.978145,
  "2007-06": 2.985888,
  "2007-07": 2.994547,
  "2007-08": 3.001733,
  "2007-09": 3.01434,
  "2007-10": 3.023081,
  "2007-11": 3.030336,
  "2007-12": 3.037305,
  "2008-01": 3.058566,
  "2008-02": 3.079975,
  "2008-03": 3.099686,
  "2008-04": 3.106815,
  "2008-05": 3.125145,
  "2008-06": 3.142645,
  "2008-07": 3.170928,
  "2008-08": 3.190904,
  "2008-09": 3.202072,
  "2008-10": 3.210397,
  "2008-11": 3.220028,
  "2008-12": 3.235806,
  "2009-01": 3.245189,
  "2009-02": 3.258169,
  "2009-03": 3.278695,
  "2009-04": 3.282301,
  "2009-05": 3.294117,
  "2009-06": 3.313552,
  "2009-07": 3.326143,
  "2009-08": 3.33346,
  "2009-09": 3.341126,
  "2009-10": 3.347474,
  "2009-11": 3.353499,
  "2009-12": 3.368254,
  "2010-01": 3.381053,
  "2010-02": 3.398634,
  "2010-03": 3.430581,
  "2010-04": 3.449449,
  "2010-05": 3.466006,
  "2010-06": 3.487841,
  "2010-07": 3.494467,
  "2010-08": 3.491321,
  "2010-09": 3.489575,
  "2010-10": 3.500392,
  "2010-11": 3.522094,
  "2010-12": 3.552384,
  "2011-01": 3.576895,
  "2011-02": 3.604079,
  "2011-03": 3.639038,
  "2011-04": 3.660872,
  "2011-05": 3.68906,
  "2011-06": 3.714883,
  "2011-07": 3.723427,
  "2011-08": 3.72715,
  "2011-09": 3.737213,
  "2011-10": 3.75702,
  "2011-11": 3.772799,
  "2011-12": 3.790153,
  "2012-01": 3.811377,
  "2012-02": 3.83615,
  "2012-03": 3.856481,
  "2012-04": 3.866122,
  "2012-05": 3.882746,
  "2012-06": 3.902548,
  "2012-07": 3.909572,
  "2012-08": 3.922473,
  "2012-09": 3.93777,
  "2012-10": 3.956671,
  "2012-11": 3.982389,
  "2012-12": 4.003893,
  "2013-01": 4.031519,
  "2013-02": 4.066996,
  "2013-03": 4.094651,
  "2013-04": 4.114714,
  "2013-05": 4.135699,
  "2013-06": 4.154723,
  "2013-07": 4.17051,
  "2013-08": 4.173429,
  "2013-09": 4.180106,
  "2013-10": 4.191392,
  "2013-11": 4.21151,
  "2013-12": 4.235515,
  "2014-01": 4.267281,
  "2014-02": 4.295871,
  "2014-03": 4.325942,
  "2014-04": 4.357521,
  "2014-05": 4.391509,
  "2014-06": 4.416979,
  "2014-07": 4.437738,
  "2014-08": 4.445282,
  "2014-09": 4.451505,
  "2014-10": 4.468865,
  "2014-11": 4.490315,
  "2014-12": 4.507378,
  "2015-01": 4.542986,
  "2015-02": 4.583418,
  "2015-03": 4.644377,
  "2015-04": 4.701967,
  "2015-05": 4.752278,
  "2015-06": 4.780791,
  "2015-07": 4.82812,
  "2015-08": 4.856605,
  "2015-09": 4.877488,
  "2015-10": 4.89651,
  "2015-11": 4.928826,
  "2015-12": 4.970721,
  "2016-01": 5.029375,
  "2016-02": 5.075645,
  "2016-03": 5.147719,
  "2016-04": 5.169854,
  "2016-05": 5.19622,
  "2016-06": 5.240907,
  "2016-07": 5.26187,
  "2016-08": 5.290284,
  "2016-09": 5.31409,
  "2016-10": 5.326312,
  "2016-11": 5.336431,
  "2016-12": 5.350305,
  "2017-01": 5.36047,
  "2017-02": 5.377087,
  "2017-03": 5.406123,
  "2017-04": 5.414232,
  "2017-05": 5.425601,
  "2017-06": 5.438622,
  "2017-07": 5.447323,
  "2017-08": 5.437517,
  "2017-09": 5.456548,
  "2017-10": 5.46255,
  "2017-11": 5.481122,
  "2017-12": 5.498661,
  "2018-01": 5.517906,
  "2018-02": 5.539425,
  "2018-03": 5.560474,
  "2018-04": 5.566034,
  "2018-05": 5.577722,
  "2018-06": 5.58553,
  "2018-07": 5.647529,
  "2018-08": 5.683673,
  "2018-09": 5.691061,
  "2018-10": 5.696182,
  "2018-11": 5.729219,
  "2018-12": 5.740104,
  "2019-01": 5.730919,
  "2019-02": 5.748111,
  "2019-03": 5.767654,
  "2019-04": 5.798799,
  "2019-05": 5.84055,
  "2019-06": 5.860991,
  "2019-07": 5.864507,
  "2019-08": 5.869785,
  "2019-09": 5.87448,
  "2019-10": 5.879767,
  "2019-11": 5.885058,
  "2019-12": 5.893297,
  "2020-01": 5.955176,
  "2020-02": 5.997457,
  "2020-03": 6.010651,
  "2020-04": 6.011853,
  "2020-05": 6.011251,
  "2020-06": 5.975784,
  "2020-07": 5.976979,
  "2020-08": 5.994909,
  "2020-09": 6.008697,
  "2020-10": 6.035736,
  "2020-11": 6.092471,
  "2020-12": 6.14182,
  "2021-01": 6.206923,
  "2021-02": 6.255336,
  "2021-03": 6.285361,
  "2021-04": 6.343814,
  "2021-05": 6.381876,
  "2021-06": 6.409956,
  "2021-07": 6.463158,
  "2021-08": 6.509692,
  "2021-09": 6.567628,
  "2021-10": 6.642498,
  "2021-11": 6.722207,
  "2021-12": 6.800856,
  "2022-01": 6.853902,
  "2022-02": 6.893654,
  "2022-03": 6.961901,
  "2022-04": 7.028039,