{
"1994-07": 1.06871708,
"1994-08": 1.04170314,
"1994-09": 1.03833968,
"1994-10": 1.03622055,
"1994-11": 1.04072420,
"1994-12": 1.03797499,
"1995-01": 1.03374516,
"1995-02": 1.03252938,
"1995-03": 1.04262110,
"1995-04": 1.04255266,
"1995-05": 1.04247809,
"1995-06": 1.04039734,
"1995-07": 1.04023118,
"1995-08": 1.03839792,
"1995-09": 1.03324737,
"1995-10": 1.03091962,
"1995-11": 1.02875556,
"1995-12": 1.02777322,
"1996-01": 1.02576497,
"1996-02": 1.02351465,
"1996-03": 1.02220822,
"1996-04": 1.02068046,
"1996-05": 1.02012753,
"1996-06": 1.01977279,
"1996-07": 1.01928570,
"1996-08": 1.01967914,
"1996-09": 1.01904053,
"1996-10": 1.01858622,
"1996-11": 1.01804284,
"1996-12": 1.01804323,
"1997-01": 1.01731821,
"1997-02": 1.01672399,
"1997-03": 1.01641633,
"1997-04": 1.01659642,
"1997-05": 1.01584469,
"1997-06": 1.01606833,
"1997-07": 1.01603844,
"1997-08": 1.01585855,
"1997-09": 1.01590281,
"1997-10": 1.01672888,
"1997-11": 1.03043480,
"1997-12": 1.02972367,
"1998-01": 1.02669973,
"1998-02": 1.02129793,
"1998-03": 1.02200729,
"1998-04": 1.01706698,
"1998-05": 1.01630035,
"1998-06": 1.01602412,
"1998-07": 1.01703732,
"1998-08": 1.01476317,
"1998-09": 1.02487509,
"1998-10": 1.02940886,
"1998-11": 1.02632152,
"1998-12": 1.02401553,
"1999-01": 1.02177954,
"1999-02": 1.02378709,
"1999-03": 1.03334520,
"1999-04": 1.02352438,
"1999-05": 1.02018830,
"1999-06": 1.01671869,
"1999-07": 1.01658764,
"1999-08": 1.01568475,
"1999-09": 1.01487146,
"1999-10": 1.01383896,
"1999-11": 1.01386499,
"1999-12": 1.01599629,
"2000-01": 1.01455733,
"2000-02": 1.01450895,
"2000-03": 1.01449262,
"2000-04": 1.01295657,
"2000-05": 1.01493863,
"2000-06": 1.01391748,
"2000-07": 1.01306000,
"2000-08": 1.01405437,
"2000-09": 1.01223622,
"2000-10": 1.01287781,
"2000-11": 1.01219897,
"2000-12": 1.01198167,
"2001-01": 1.01265069,
"2001-02": 1.01015835,
"2001-03": 1.01257855,
"2001-04": 1.01186373,
"2001-05": 1.01336770,
"2001-06": 1.01273316,
"2001-07": 1.01497982,
"2001-08": 1.01600001,
"2001-09": 1.01324311,
"2001-10": 1.01534938,
"2001-11": 1.01393438,
"2001-12": 1.01393542,
"2002-01": 1.01533959,
"2002-02": 1.01248215,
"2002-03": 1.01371333,
"2002-04": 1.01483567,
"2002-05": 1.01414989,
"2002-06": 1.01329033,
"2002-07": 1.01535435,
"2002-08": 1.01443404,
"2002-09": 1.01381266,
"2002-10": 1.01645925,
"2002-11": 1.01540931,
"2002-12": 1.01742449,
"2003-01": 1.01971266,
"2003-02": 1.01830380,
"2003-03": 1.01777019,
"2003-04": 1.01871595,
"2003-05": 1.01965352,
"2003-06": 1.01856679,
"2003-07": 1.02084247,
"2003-08": 1.01774261,
"2003-09": 1.01679509,
"2003-10": 1.01642060,
"2003-11": 1.01343531,
"2003-12": 1.01373250,
"2004-01": 1.01267551,
"2004-02": 1.01084394,
"2004-03": 1.01379123,
"2004-04": 1.01181850,
"2004-05": 1.01227805,
"2004-06": 1.01229889,
"2004-07": 1.01286889,
"2004-08": 1.01293586,
"2004-09": 1.01251327,
"2004-10": 1.01213224,
"2004-11": 1.01250986,
"2004-12": 1.01482823,
"2005-01": 1.01383882,
"2005-02": 1.01218186,
"2005-03": 1.01528178,
"2005-04": 1.01411529,
"2005-05": 1.01503065,
"2005-06": 1.01585603,
"2005-07": 1.01511345,
"2005-08": 1.01658483,
"2005-09": 1.01503136,
"2005-10": 1.01407164,
"2005-11": 1.01381041,
"2005-12": 1.01473572,
"2006-01": 1.01429317,
"2006-02": 1.01145063,
"2006-03": 1.01422302,
"2006-04": 1.01077878,
"2006-05": 1.01281366,
"2006-06": 1.01184394,
"2006-07": 1.01169966,
"2006-08": 1.01256265,
"2006-09": 1.01057310,
"2006-10": 1.01094244,
"2006-11": 1.01020605,
"2006-12": 1.00987886,
"2007-01": 1.01082803,
"2007-02": 1.00872484,
"2007-03": 1.01052223,
"2007-04": 1.00944823,
"2007-05": 1.01028077,
"2007-06": 1.00905629,
"2007-07": 1.00972633,
"2007-08": 1.00992635,
"2007-09": 1.00804961,
"2007-10": 1.00929493,
"2007-11": 1.00844670,
"2007-12": 1.00844670,
"2008-01": 1.00929384,
"2008-02": 1.00802232,
"2008-03": 1.00844598,
"2008-04": 1.00901426,
"2008-05": 1.00876783,
"2008-06": 1.00955592,
"2008-07": 1.01069671,
"2008-08": 1.01017657,
"2008-09": 1.01103091,
"2008-10": 1.01175877,
"2008-11": 1.01019969,
"2008-12": 1.01124093,
"2009-01": 1.01047807,
"2009-02": 1.00855086,
"2009-03": 1.00970884,
"2009-04": 1.00839567,
"2009-05": 1.00770893,
"2009-06": 1.00762182,
"2009-07": 1.00790143,
"2009-08": 1.00693749,
"2009-09": 1.00693749,
"2009-10": 1.00693749,
"2009-11": 1.00660604,
"2009-12": 1.00726867,
"2010-01": 1.00660567,
"2010-02": 1.00594348,
"2010-03": 1.00760070,
"2010-04": 1.00665913,
"2010-05": 1.00751364,
"2010-06": 1.00792576,
"2010-07": 1.00861030,
"2010-08": 1.00888210,
"2010-09": 1.00847666,
"2010-10": 1.00807138,
"2010-11": 1.00807138,
"2010-12": 1.00928879,
"2011-01": 1.00862320,
"2011-02": 1.00843908,
"2011-03": 1.00920458,
"2011-04": 1.00840155,
"2011-05": 1.00987985,
"2011-06": 1.00956276,
"2011-07": 1.00967885,
"2011-08": 1.01074063,
"2011-09": 1.00941761,
"2011-10": 1.00881955,
"2011-11": 1.00860477,
"2011-12": 1.00907328,
"2012-01": 1.00891016,
"2012-02": 1.00748773,
"2012-03": 1.00821139,
"2012-04": 1.00711876,
"2012-05": 1.00744724,
"2012-06": 1.00641503,
"2012-07": 1.00679965,
"2012-08": 1.00691811,
"2012-09": 1.00538995,
"2012-10": 1.00611339,
"2012-11": 1.00548846,
"2012-12": 1.00550152,
"2013-01": 1.00601440,
"2013-02": 1.00492750,
"2013-03": 1.00549404,
"2013-04": 1.00613646,
"2013-05": 1.00598536,
"2013-06": 1.00605273,
"2013-07": 1.00724092,
"2013-08": 1.00710315,
"2013-09": 1.00713029,
"2013-10": 1.00810510,
"2013-11": 1.00719208,
"2013-12": 1.00789746,
"2014-01": 1.00849344,
"2014-02": 1.00790146,
"2014-03": 1.00765957,
"2014-04": 1.00822668,
"2014-05": 1.00865873,
"2014-06": 1.00824472,
"2014-07": 1.00948727,
"2014-08": 1.00865982,
"2014-09": 1.00907292,
"2014-10": 1.00950532,
"2014-11": 1.00842493,
"2014-12": 1.00961295,
"2015-01": 1.00935075,
"2015-02": 1.00822411,
"2015-03": 1.01039967,
"2015-04": 1.00951792,
"2015-05": 1.00985322,
"2015-06": 1.01066676,
"2015-07": 1.01178198,
"2015-08": 1.01108965,
"2015-09": 1.01108965,
"2015-10": 1.01108965,
"2015-11": 1.01055880,
"2015-12": 1.01162079,
"2016-01": 1.01055880,
"2016-02": 1.01002822,
"2016-03": 1.01162079,
"2016-04": 1.01055880,
"2016-05": 1.01108965,
"2016-06": 1.01162079,
"2016-07": 1.01108965,
"2016-08": 1.01215220,
"2016-09": 1.01108965,
"2016-10": 1.01048842,
"2016-11": 1.01038286,
"2016-12": 1.01123315,
"2017-01": 1.01086120,
"2017-02": 1.00865084,
"2017-03": 1.01052056,
"2017-04": 1.00786581,
"2017-05": 1.00927132,
"2017-06": 1.00808869,
"2017-07": 1.00797923,
"2017-08": 1.00802289,
"2017-09": 1.00638460,
"2017-10": 1.00643930,
"2017-11": 1.00568188,
"2017-12": 1.00538400,
"2018-01": 1.00584205,
"2018-02": 1.00465602,
"2018-03": 1.00532345,
"2018-04": 1.00518295,
"2018-05": 1.00518295,
"2018-06": 1.00518295,
"2018-07": 1.00543042,
"2018-08": 1.00567796,
"2018-09": 1.00468818,
"2018-10": 1.00543042,
"2018-11": 1.00493553,
"2018-12": 1.00493553,
"2019-01": 1.00543042,
"2019-02": 1.00493553,
"2019-03": 1.00468818,
"2019-04": 1.00518295,
"2019-05": 1.00543042,
"2019-06": 1.00468818,
"2019-07": 1.00567796,
"2019-08": 1.00501719,
"2019-09": 1.00463760,
"2019-10": 1.00479264,
"2019-11": 1.00380386,
"2019-12": 1.00374704,
"2020-01": 1.00376633,
"2020-02": 1.00293729,
"2020-03": 1.00338369,
"2020-04": 1.00284925,
"2020-05": 1.00235810,
"2020-06": 1.00212332,
"2020-07": 1.00194346,
"2020-08": 1.00159890,
"2020-09": 1.00156966,
"2020-10": 1.00156966,
"2020-11": 1.00149486,
"2020-12": 1.00164447,
"2021-01": 1.00149486,
"2021-02": 1.00134527,
"2021-03": 1.00201080,
"2021-04": 1.00207785,
"2021-05": 1.00270326,
"2021-06": 1.00307779,
"2021-07": 1.00355616,
"2021-08": 1.00427952,
"2021-09": 1.00441999,
"2021-10": 1.00485996,
"2021-11": 1.00586749,
"2021-12": 1.00769083,
"2022-01": 1.00732270,
"2022-02": 1.00755041,
"2022-03": 1.00927054,